{"BTC":18823.176980742075,"ETH":1422.868711528234,"USDT":1.0000819244446013}